Ref,Val,Package,PosX,PosY,Rot,Side
"C56","220n","C_0805_2012Metric",112.350000,-124.650000,0.000000,bottom
"C57","220n","C_0805_2012Metric",111.100000,-104.150000,0.000000,bottom
"R88","1k","R_0805_2012Metric",112.250000,-121.900000,180.000000,bottom
"R89","1k","R_0805_2012Metric",111.100000,-101.850000,180.000000,bottom
"R90","1k","R_0805_2012Metric",111.100000,-99.400000,180.000000,bottom
"R91","1k","R_0805_2012Metric",112.250000,-119.400000,180.000000,bottom
